#cluster_id	adj_1-tadj_2	read_support	vaf	genotype	sv_type	det_sv_type	direction	bnd	phaseblock	genome_ids
severus_0	+chrY:10956865|-chrY:10957769	35,52	0.6842105263157895	hom,hom	BND	DEL	HT	intra		tumour.bam,sim.srt.bam
severus_0	+chrY:11012525|-chrY:11013049	36,53	0.6385542168674698	hom,hom	BND	DEL	HT	intra		sim.srt.bam,tumour.bam
severus_0	+chrY:11002273|-chrY:11003062	45,51	0.6455696202531646	hom,hom	BND	DEL	HT	intra		sim.srt.bam,tumour.bam
severus_0	+chrY:9111868|-chrY:9112716	35,38	0.8085106382978723	hom,hom	BND	DEL	HT	intra		sim.srt.bam,tumour.bam
severus_0	+chrY:10669735|-chrY:10670733	27,20	0.6060606060606061	hom,hom	BND	DEL	HT	intra		sim.srt.bam,tumour.bam
severus_0	+chrY:10908516|-chrY:10909105	41,52	0.6842105263157895	hom,hom	BND	DEL	HT	intra		sim.srt.bam,tumour.bam
severus_0	+chrY:10969990|-chrY:10970622	48,43	0.6935483870967742	hom,hom	BND	DEL	HT	intra		sim.srt.bam,tumour.bam
severus_0	+chrY:10961622|-chrY:10962535	39,46	0.647887323943662	hom,hom	BND	DEL	HT	intra		tumour.bam,sim.srt.bam
severus_0	+chrY:10871215|-chrY:10871901	46,48	0.676056338028169	hom,hom	BND	DEL	HT	intra		sim.srt.bam,tumour.bam
severus_1	+chr10:132388729|-chr10:132388780	3,3	0.06818181818181818	hom,hom	BND	DEL	HT	intra		sim.srt.bam,tumour.bam
severus_1	+chr10:131623987|-chr10:131624080	4,1	0.02	hom,hom	BND	DEL	HT	intra		sim.srt.bam,tumour.bam
severus_1	+chr10:130360344|-chr10:130360469	11,4	0.05128205128205128	hom,hom	BND	DEL	HT	intra		tumour.bam,sim.srt.bam
severus_2	+chr10:516456|-chr10:516542	3,4	0.08333333333333333	hom,hom	BND	DEL	HT	intra		tumour.bam,sim.srt.bam
severus_2	-chr10:1239000|+chr10:1239064	4,2	0.045454545454545456	hom,hom	BND	Templated_ins	TH	intra		tumour.bam,sim.srt.bam
severus_17	+chr11:69285116|-chr14:105541350	17	0.32075471698113206	hom	BND	Reciprocal_tra	HT	inter		tumour.bam
severus_17	-chr11:69285116|+chr14:105541350	25	0.4098360655737705	hom	BND	Reciprocal_tra	TH	inter		tumour.bam
